Year,County,Cases,Population,Percent,EP_AGE17,EP_AGE65,EP_CROWD,EP_DISABL,EP_GROUPQ,EP_LIMENG,EP_MINRTY,EP_MOBILE,EP_MUNIT,EP_NOHSDP,EP_NOVEH,EP_PCI,EP_POV,EP_SNGPNT,EP_UNEMP,EP_UNINSUR
2014,ALBANY,567.0000000000,307151.0000000000,0.0018459976,19.4000000000,14.6000000000,1.0000000000,11.2000000000,5.7000000000,1.5000000000,25.2000000000,1.3000000000,11.7000000000,7.5000000000,12.7000000000,32624.0000000000,13.6000000000,8.1000000000,6.8000000000,6.8000000000
2014,ALLEGANY,160.0000000000,47652.0000000000,0.0033576765,21.0000000000,15.9000000000,2.0000000000,14.8000000000,10.3000000000,0.6000000000,5.1000000000,16.5000000000,1.8000000000,11.9000000000,8.8000000000,20881.0000000000,17.0000000000,8.9000000000,9.7000000000,9.8000000000
2014,BRONX,4242.0000000000,1430942.0000000000,0.0029644807,26.0000000000,10.9000000000,11.7000000000,13.5000000000,3.0000000000,15.7000000000,89.5000000000,0.1000000000,67.1000000000,29.8000000000,59.8000000000,18269.0000000000,30.5000000000,21.6000000000,15.0000000000,14.8000000000
2014,BROOME,549.0000000000,197251.0000000000,0.0027832559,19.9000000000,16.9000000000,1.4000000000,14.0000000000,5.2000000000,1.1000000000,14.6000000000,5.2000000000,8.4000000000,10.5000000000,12.0000000000,24820.0000000000,17.8000000000,8.7000000000,8.6000000000,8.0000000000
2014,CATTARAUGUS,35.0000000000,78677.0000000000,0.0004448568,23.0000000000,16.1000000000,2.0000000000,14.8000000000,3.5000000000,1.0000000000,8.6000000000,11.8000000000,3.0000000000,11.8000000000,10.3000000000,22486.0000000000,17.7000000000,9.1000000000,8.9000000000,11.2000000000
2014,CAYUGA,171.0000000000,78762.0000000000,0.0021710977,21.0000000000,16.2000000000,1.0000000000,13.6000000000,5.1000000000,0.5000000000,9.0000000000,11.1000000000,5.9000000000,12.9000000000,9.7000000000,25070.0000000000,12.4000000000,10.0000000000,8.3000000000,9.5000000000
2014,CHAUTAUQUA,298.0000000000,131751.0000000000,0.0022618424,21.3000000000,17.2000000000,1.5000000000,14.9000000000,4.9000000000,1.2000000000,11.4000000000,6.6000000000,5.0000000000,12.0000000000,10.8000000000,22483.0000000000,19.4000000000,9.7000000000,8.5000000000,8.6000000000
2014,CHEMUNG,55.0000000000,87177.0000000000,0.0006309004,22.0000000000,15.9000000000,0.9000000000,14.2000000000,6.2000000000,0.5000000000,13.1000000000,5.4000000000,5.5000000000,10.6000000000,12.3000000000,25967.0000000000,16.0000000000,10.7000000000,6.1000000000,7.5000000000
2014,CHENANGO,172.0000000000,49319.0000000000,0.0034874997,21.8000000000,17.7000000000,1.9000000000,17.2000000000,1.4000000000,0.5000000000,4.8000000000,20.9000000000,2.3000000000,13.6000000000,6.9000000000,22339.0000000000,16.4000000000,8.6000000000,8.6000000000,9.3000000000
2014,CLINTON,70.0000000000,81463.0000000000,0.0008592858,18.7000000000,14.2000000000,1.5000000000,14.4000000000,9.5000000000,0.7000000000,9.4000000000,14.6000000000,5.7000000000,14.7000000000,9.5000000000,25279.0000000000,15.2000000000,9.4000000000,7.3000000000,6.2000000000
2014,COLUMBIA,123.0000000000,61942.0000000000,0.0019857286,19.3000000000,19.4000000000,1.3000000000,15.4000000000,4.1000000000,0.6000000000,12.3000000000,7.2000000000,2.7000000000,12.1000000000,7.3000000000,32665.0000000000,10.4000000000,9.1000000000,7.9000000000,8.1000000000
2014,CORTLAND,79.0000000000,48740.0000000000,0.0016208453,20.3000000000,14.1000000000,1.3000000000,12.3000000000,7.3000000000,0.5000000000,7.1000000000,9.1000000000,6.1000000000,9.9000000000,9.9000000000,23581.0000000000,13.5000000000,9.7000000000,7.0000000000,7.7000000000
2014,DELAWARE,65.0000000000,46562.0000000000,0.0013959881,18.8000000000,20.6000000000,3.2000000000,15.3000000000,5.1000000000,0.5000000000,7.2000000000,12.0000000000,1.8000000000,12.5000000000,9.4000000000,23911.0000000000,13.5000000000,7.8000000000,10.1000000000,9.7000000000
2014,DUTCHESS,380.0000000000,295127.0000000000,0.0012875813,21.1000000000,14.5000000000,2.0000000000,12.8000000000,6.2000000000,2.1000000000,26.5000000000,3.5000000000,8.3000000000,10.4000000000,8.6000000000,33962.0000000000,8.8000000000,7.1000000000,9.3000000000,8.5000000000
2014,ERIE,863.0000000000,921755.0000000000,0.0009362575,21.1000000000,16.1000000000,0.9000000000,13.0000000000,3.1000000000,1.6000000000,23.0000000000,1.4000000000,7.6000000000,9.8000000000,13.7000000000,28512.0000000000,14.7000000000,10.0000000000,7.9000000000,6.4000000000
2014,ESSEX,43.0000000000,38323.0000000000,0.0011220416,18.0000000000,19.6000000000,2.1000000000,15.8000000000,7.5000000000,1.7000000000,7.5000000000,7.4000000000,3.2000000000,12.0000000000,8.5000000000,26755.0000000000,11.4000000000,7.2000000000,8.6000000000,9.3000000000
2014,FRANKLIN,106.0000000000,51096.0000000000,0.0020745264,20.0000000000,14.1000000000,1.5000000000,13.9000000000,12.2000000000,0.8000000000,18.0000000000,11.6000000000,3.8000000000,15.2000000000,10.7000000000,22322.0000000000,19.7000000000,10.4000000000,8.8000000000,11.3000000000
2014,FULTON,69.0000000000,53932.0000000000,0.0012793889,21.3000000000,16.9000000000,1.2000000000,16.3000000000,2.6000000000,0.6000000000,6.5000000000,9.7000000000,3.1000000000,14.2000000000,9.1000000000,24265.0000000000,16.2000000000,11.5000000000,10.0000000000,10.4000000000
2014,GENESEE,92.0000000000,58725.0000000000,0.0015666241,21.2000000000,16.4000000000,0.9000000000,13.0000000000,1.6000000000,0.6000000000,8.9000000000,6.7000000000,4.2000000000,9.2000000000,6.5000000000,25721.0000000000,12.6000000000,8.0000000000,7.6000000000,8.9000000000
2014,GREENE,83.0000000000,47964.0000000000,0.0017304645,18.1000000000,18.8000000000,1.4000000000,14.9000000000,7.2000000000,0.5000000000,13.5000000000,9.3000000000,2.4000000000,13.1000000000,7.1000000000,25770.0000000000,13.9000000000,6.5000000000,10.0000000000,8.8000000000
2014,HAMILTON,3.0000000000,4700.0000000000,0.0006382979,17.0000000000,24.7000000000,0.6000000000,14.1000000000,2.3000000000,0.4000000000,3.9000000000,9.8000000000,0.5000000000,10.1000000000,4.8000000000,29974.0000000000,9.5000000000,5.7000000000,7.4000000000,9.4000000000
2014,HERKIMER,216.0000000000,63384.0000000000,0.0034078001,21.5000000000,17.8000000000,1.5000000000,14.0000000000,2.0000000000,0.7000000000,4.9000000000,10.2000000000,4.0000000000,11.1000000000,10.4000000000,23607.0000000000,15.9000000000,9.3000000000,9.3000000000,9.0000000000
2014,JEFFERSON,212.0000000000,117971.0000000000,0.0017970518,25.3000000000,11.5000000000,2.2000000000,13.3000000000,5.0000000000,0.6000000000,16.5000000000,12.8000000000,6.0000000000,11.2000000000,9.1000000000,23681.0000000000,15.0000000000,10.7000000000,11.3000000000,8.6000000000
2014,KINGS,2898.0000000000,2601513.0000000000,0.0011139671,23.5000000000,11.8000000000,10.6000000000,9.7000000000,1.5000000000,12.8000000000,64.3000000000,0.1000000000,39.4000000000,21.1000000000,56.7000000000,25932.0000000000,23.4000000000,11.4000000000,10.6000000000,13.1000000000
2014,LEWIS,55.0000000000,27089.0000000000,0.0020303444,23.8000000000,15.8000000000,1.5000000000,13.6000000000,1.3000000000,0.4000000000,3.8000000000,11.3000000000,2.1000000000,11.9000000000,7.3000000000,23723.0000000000,13.3000000000,7.6000000000,9.2000000000,10.6000000000
2014,LIVINGSTON,115.0000000000,64585.0000000000,0.0017805992,19.4000000000,14.7000000000,1.5000000000,11.8000000000,9.6000000000,0.5000000000,8.5000000000,10.3000000000,3.2000000000,11.1000000000,6.6000000000,23981.0000000000,14.7000000000,10.1000000000,6.0000000000,6.1000000000
2014,MADISON,218.0000000000,72210.0000000000,0.0030189724,21.0000000000,14.9000000000,1.0000000000,10.9000000000,7.4000000000,0.2000000000,6.3000000000,9.9000000000,3.7000000000,9.6000000000,6.4000000000,25786.0000000000,11.2000000000,8.0000000000,5.3000000000,6.5000000000
2014,MONROE,1812.0000000000,747364.0000000000,0.0024245214,22.0000000000,14.6000000000,1.1000000000,12.2000000000,3.6000000000,2.2000000000,28.0000000000,0.8000000000,9.7000000000,10.1000000000,11.8000000000,29170.0000000000,15.4000000000,10.4000000000,8.1000000000,6.7000000000
2014,MONTGOMERY,76.0000000000,49679.0000000000,0.0015298215,23.0000000000,17.0000000000,2.2000000000,15.4000000000,2.0000000000,2.2000000000,15.9000000000,7.2000000000,3.9000000000,17.1000000000,12.9000000000,23809.0000000000,19.1000000000,11.6000000000,10.4000000000,10.7000000000
2014,NASSAU,2569.0000000000,1354705.0000000000,0.0018963538,22.6000000000,15.8000000000,2.5000000000,8.5000000000,1.6000000000,5.6000000000,36.3000000000,0.2000000000,10.0000000000,9.7000000000,7.9000000000,42949.0000000000,6.3000000000,6.2000000000,7.1000000000,8.4000000000
2014,NEW YORK,2334.0000000000,1630678.0000000000,0.0014313065,14.7000000000,13.9000000000,5.5000000000,9.8000000000,3.7000000000,9.7000000000,52.6000000000,0.0000000000,89.8000000000,13.7000000000,78.3000000000,63610.0000000000,17.7000000000,6.2000000000,8.2000000000,9.8000000000
2014,NIAGARA,66.0000000000,213305.0000000000,0.0003094161,20.9000000000,16.5000000000,1.0000000000,13.2000000000,2.0000000000,0.6000000000,13.2000000000,4.1000000000,6.9000000000,9.7000000000,10.3000000000,26710.0000000000,13.6000000000,9.8000000000,8.1000000000,7.2000000000
2014,ONEIDA,1499.0000000000,232598.0000000000,0.0064445954,21.5000000000,16.8000000000,1.3000000000,15.2000000000,5.8000000000,2.8000000000,16.2000000000,6.3000000000,6.7000000000,12.5000000000,11.9000000000,25633.0000000000,16.5000000000,10.0000000000,8.0000000000,6.9000000000
2014,ONONDAGA,1259.0000000000,467285.0000000000,0.0026942872,22.3000000000,14.6000000000,1.3000000000,11.7000000000,3.9000000000,1.7000000000,21.6000000000,1.0000000000,11.8000000000,9.9000000000,12.8000000000,29156.0000000000,15.2000000000,9.9000000000,7.8000000000,7.7000000000
2014,ONTARIO,214.0000000000,109334.0000000000,0.0019573051,21.6000000000,16.5000000000,1.1000000000,11.8000000000,3.5000000000,1.3000000000,8.9000000000,8.5000000000,5.8000000000,8.5000000000,7.2000000000,30346.0000000000,10.4000000000,9.2000000000,6.6000000000,7.9000000000
2014,ORANGE,817.0000000000,374845.0000000000,0.0021795676,26.5000000000,11.8000000000,3.7000000000,11.6000000000,3.2000000000,4.5000000000,32.9000000000,2.5000000000,8.5000000000,11.9000000000,9.9000000000,30561.0000000000,12.6000000000,8.5000000000,8.0000000000,9.0000000000
2014,ORLEANS,65.0000000000,41861.0000000000,0.0015527579,21.1000000000,15.3000000000,1.9000000000,16.0000000000,7.5000000000,0.6000000000,13.0000000000,9.0000000000,3.2000000000,14.2000000000,7.9000000000,22350.0000000000,15.5000000000,10.5000000000,10.5000000000,9.6000000000
2014,OSWEGO,434.0000000000,120590.0000000000,0.0035989717,22.3000000000,13.4000000000,1.8000000000,13.7000000000,4.1000000000,0.3000000000,5.3000000000,16.0000000000,3.6000000000,13.8000000000,8.1000000000,23472.0000000000,18.5000000000,10.6000000000,10.3000000000,8.5000000000
2014,OTSEGO,72.0000000000,60950.0000000000,0.0011812961,17.5000000000,17.5000000000,2.6000000000,12.5000000000,9.0000000000,0.5000000000,7.9000000000,13.9000000000,2.6000000000,10.6000000000,8.5000000000,24263.0000000000,16.4000000000,7.9000000000,7.7000000000,8.4000000000
2014,PUTNAM,202.0000000000,99438.0000000000,0.0020314166,22.5000000000,13.6000000000,2.0000000000,10.3000000000,2.5000000000,2.6000000000,18.3000000000,0.7000000000,3.6000000000,7.8000000000,5.3000000000,40967.0000000000,5.6000000000,5.9000000000,7.8000000000,8.7000000000
2014,QUEENS,3884.0000000000,2298736.0000000000,0.0016896242,20.5000000000,13.2000000000,9.4000000000,9.5000000000,1.2000000000,15.2000000000,73.5000000000,0.2000000000,33.7000000000,19.6000000000,37.7000000000,26580.0000000000,15.3000000000,8.9000000000,9.5000000000,17.1000000000
2014,RENSSELAER,226.0000000000,159666.0000000000,0.0014154548,20.7000000000,14.3000000000,1.2000000000,12.2000000000,3.7000000000,0.8000000000,15.1000000000,3.2000000000,8.4000000000,9.3000000000,10.1000000000,30285.0000000000,13.0000000000,9.3000000000,8.4000000000,6.4000000000
2014,RICHMOND,659.0000000000,471937.0000000000,0.0013963728,22.7000000000,13.6000000000,3.7000000000,9.7000000000,1.7000000000,4.8000000000,36.8000000000,0.2000000000,11.2000000000,11.8000000000,16.5000000000,32091.0000000000,12.3000000000,8.6000000000,7.6000000000,7.6000000000
2014,ROCKLAND,269.0000000000,321119.0000000000,0.0008376957,27.8000000000,14.2000000000,6.4000000000,8.7000000000,2.3000000000,8.1000000000,35.8000000000,1.3000000000,11.2000000000,12.7000000000,10.6000000000,34833.0000000000,14.1000000000,7.5000000000,8.1000000000,9.5000000000
2014,SARATOGA,652.0000000000,224513.0000000000,0.0029040635,21.8000000000,14.7000000000,0.7000000000,11.0000000000,1.9000000000,0.8000000000,7.9000000000,7.8000000000,7.2000000000,6.2000000000,5.0000000000,35860.0000000000,6.8000000000,7.0000000000,6.3000000000,5.7000000000
2014,SCHENECTADY,288.0000000000,155016.0000000000,0.0018578727,22.4000000000,15.1000000000,1.2000000000,12.8000000000,2.9000000000,1.3000000000,24.1000000000,0.5000000000,9.3000000000,9.7000000000,11.5000000000,28609.0000000000,12.8000000000,8.3000000000,8.4000000000,7.9000000000
2014,SCHOHARIE,32.0000000000,31767.0000000000,0.0010073347,19.3000000000,17.2000000000,1.5000000000,16.1000000000,4.7000000000,0.2000000000,6.3000000000,12.6000000000,2.7000000000,11.9000000000,7.0000000000,26097.0000000000,12.9000000000,6.7000000000,11.6000000000,7.5000000000
2014,SCHUYLER,31.0000000000,18176.0000000000,0.0017055458,20.4000000000,18.0000000000,2.1000000000,13.7000000000,2.5000000000,0.1000000000,4.3000000000,22.6000000000,2.2000000000,11.3000000000,7.8000000000,24529.0000000000,13.4000000000,5.5000000000,6.4000000000,10.8000000000
2014,SENECA,62.0000000000,34879.0000000000,0.0017775739,20.2000000000,16.6000000000,1.0000000000,15.1000000000,8.9000000000,0.5000000000,10.0000000000,14.7000000000,2.2000000000,14.6000000000,7.1000000000,23823.0000000000,13.0000000000,7.8000000000,6.3000000000,11.1000000000
2014,STEUBEN,147.0000000000,98165.0000000000,0.0014974787,22.8000000000,16.6000000000,1.4000000000,15.6000000000,1.8000000000,0.4000000000,5.9000000000,14.3000000000,3.8000000000,11.2000000000,8.9000000000,25696.0000000000,15.9000000000,9.2000000000,8.6000000000,10.8000000000
2014,SUFFOLK,2828.0000000000,1495525.0000000000,0.0018909747,23.0000000000,14.4000000000,2.4000000000,9.1000000000,2.1000000000,4.5000000000,29.7000000000,0.9000000000,5.5000000000,10.2000000000,5.4000000000,37427.0000000000,6.8000000000,7.2000000000,7.1000000000,9.3000000000
2014,SULLIVAN,156.0000000000,75634.0000000000,0.0020625645,22.0000000000,15.7000000000,2.2000000000,15.4000000000,5.6000000000,2.9000000000,26.1000000000,10.3000000000,3.2000000000,15.2000000000,10.9000000000,25336.0000000000,18.0000000000,9.9000000000,12.7000000000,12.8000000000
2014,TIOGA,114.0000000000,49824.0000000000,0.0022880539,22.4000000000,16.8000000000,1.1000000000,13.0000000000,1.0000000000,0.3000000000,4.4000000000,15.1000000000,2.5000000000,9.7000000000,6.9000000000,28803.0000000000,9.5000000000,7.7000000000,7.6000000000,8.2000000000
2014,TOMPKINS,206.0000000000,103391.0000000000,0.0019924365,15.9000000000,11.4000000000,1.4000000000,9.8000000000,13.2000000000,1.1000000000,21.3000000000,9.4000000000,11.7000000000,6.4000000000,14.5000000000,27829.0000000000,20.6000000000,7.1000000000,5.8000000000,5.8000000000
2014,ULSTER,259.0000000000,180400.0000000000,0.0014356984,19.2000000000,16.1000000000,1.5000000000,14.1000000000,6.5000000000,1.3000000000,19.2000000000,6.0000000000,5.0000000000,10.9000000000,8.0000000000,30868.0000000000,12.3000000000,8.1000000000,10.2000000000,10.3000000000
2014,WARREN,57.0000000000,64866.0000000000,0.0008787346,19.6000000000,18.5000000000,1.2000000000,13.4000000000,1.5000000000,0.5000000000,5.3000000000,5.2000000000,4.2000000000,9.3000000000,8.1000000000,30662.0000000000,11.9000000000,8.2000000000,6.8000000000,8.9000000000
2014,WASHINGTON,81.0000000000,62475.0000000000,0.0012965186,20.4000000000,16.2000000000,1.7000000000,14.0000000000,5.4000000000,0.4000000000,7.0000000000,6.4000000000,2.0000000000,12.1000000000,6.4000000000,23877.0000000000,13.0000000000,9.4000000000,9.8000000000,10.5000000000
2014,WAYNE,197.0000000000,91801.0000000000,0.0021459461,22.8000000000,15.4000000000,1.3000000000,13.7000000000,2.1000000000,0.8000000000,9.4000000000,9.2000000000,3.5000000000,10.7000000000,5.9000000000,25643.0000000000,11.9000000000,9.2000000000,7.4000000000,9.0000000000
2014,WESTCHESTER,2738.0000000000,967044.0000000000,0.0028313086,23.4000000000,15.1000000000,4.2000000000,8.9000000000,2.8000000000,6.5000000000,43.9000000000,0.1000000000,27.2000000000,12.4000000000,14.5000000000,48487.0000000000,9.6000000000,8.5000000000,8.1000000000,10.5000000000
2014,WYOMING,14.0000000000,41134.0000000000,0.0003403510,19.7000000000,14.7000000000,0.6000000000,12.3000000000,9.3000000000,0.5000000000,10.0000000000,7.2000000000,2.7000000000,13.2000000000,6.5000000000,23708.0000000000,10.2000000000,9.0000000000,7.4000000000,7.9000000000
2014,YATES,46.0000000000,25149.0000000000,0.0018290986,23.5000000000,17.3000000000,2.1000000000,12.5000000000,5.2000000000,1.2000000000,4.4000000000,11.4000000000,2.0000000000,13.7000000000,12.1000000000,25436.0000000000,15.4000000000,9.2000000000,7.0000000000,19.6000000000
2016,ALBANY,713.0000000000,307597.0000000000,0.0023179680,19.0000000000,15.2000000000,0.9000000000,11.0000000000,5.6000000000,1.7000000000,26.4000000000,1.3000000000,11.7000000000,7.3000000000,12.9000000000,33888.0000000000,12.9000000000,7.2000000000,5.8000000000,5.4000000000
2016,ALLEGANY,87.0000000000,47044.0000000000,0.0018493325,20.5000000000,16.8000000000,2.1000000000,15.5000000000,10.5000000000,0.6000000000,5.4000000000,14.9000000000,2.2000000000,11.0000000000,9.2000000000,21478.0000000000,17.1000000000,8.9000000000,8.1000000000,8.8000000000
2016,BRONX,4982.0000000000,1444417.0000000000,0.0034491425,25.6000000000,11.3000000000,12.2000000000,13.8000000000,2.9000000000,15.9000000000,90.4000000000,0.1000000000,67.6000000000,28.8000000000,58.8000000000,18896.0000000000,30.5000000000,20.0000000000,12.7000000000,12.3000000000
2016,BROOME,653.0000000000,194498.0000000000,0.0033573610,19.7000000000,17.6000000000,1.4000000000,15.1000000000,5.3000000000,1.2000000000,15.5000000000,4.9000000000,8.0000000000,9.8000000000,12.2000000000,25880.0000000000,17.4000000000,9.0000000000,7.4000000000,5.8000000000
2016,CATTARAUGUS,87.0000000000,77658.0000000000,0.0011202967,22.8000000000,17.1000000000,2.3000000000,15.1000000000,3.5000000000,1.0000000000,8.9000000000,12.9000000000,3.1000000000,11.8000000000,10.7000000000,22832.0000000000,17.5000000000,9.5000000000,7.5000000000,9.1000000000
2016,CAYUGA,202.0000000000,77674.0000000000,0.0026006128,20.5000000000,16.9000000000,1.1000000000,13.7000000000,5.2000000000,0.5000000000,9.4000000000,10.0000000000,5.8000000000,12.4000000000,10.0000000000,26596.0000000000,11.4000000000,10.8000000000,6.9000000000,7.3000000000
2016,CHAUTAUQUA,369.0000000000,129206.0000000000,0.0028559045,20.9000000000,18.0000000000,1.5000000000,15.4000000000,4.8000000000,1.3000000000,12.0000000000,6.6000000000,4.5000000000,11.8000000000,10.4000000000,23249.0000000000,19.4000000000,9.7000000000,7.9000000000,7.0000000000
2016,CHEMUNG,193.0000000000,85644.0000000000,0.0022535145,21.9000000000,16.8000000000,1.0000000000,14.0000000000,5.5000000000,0.3000000000,13.4000000000,5.4000000000,5.7000000000,9.8000000000,12.0000000000,26196.0000000000,15.9000000000,10.1000000000,5.6000000000,6.3000000000
2016,CHENANGO,197.0000000000,48315.0000000000,0.0040774087,21.4000000000,18.8000000000,2.2000000000,18.3000000000,1.3000000000,0.5000000000,5.0000000000,21.1000000000,2.3000000000,13.1000000000,7.1000000000,23805.0000000000,15.4000000000,8.6000000000,7.0000000000,6.9000000000
2016,CLINTON,149.0000000000,80500.0000000000,0.0018509317,18.3000000000,15.1000000000,1.5000000000,15.5000000000,9.5000000000,0.7000000000,9.9000000000,14.6000000000,5.3000000000,13.6000000000,8.7000000000,25024.0000000000,16.1000000000,10.7000000000,6.6000000000,5.6000000000
2016,COLUMBIA,129.0000000000,60835.0000000000,0.0021204898,18.6000000000,20.7000000000,1.1000000000,15.9000000000,4.0000000000,1.2000000000,12.7000000000,7.1000000000,3.1000000000,11.1000000000,7.6000000000,33864.0000000000,12.7000000000,9.0000000000,5.5000000000,6.1000000000
2016,CORTLAND,100.0000000000,47915.0000000000,0.0020870291,19.7000000000,15.2000000000,1.1000000000,12.8000000000,7.2000000000,0.5000000000,7.1000000000,7.7000000000,5.6000000000,9.6000000000,9.3000000000,24665.0000000000,13.8000000000,9.4000000000,5.2000000000,5.9000000000
2016,DELAWARE,121.0000000000,45393.0000000000,0.0026656092,18.1000000000,22.0000000000,3.6000000000,16.6000000000,5.2000000000,0.8000000000,7.4000000000,12.5000000000,2.2000000000,12.2000000000,10.0000000000,24753.0000000000,15.9000000000,8.4000000000,8.3000000000,8.0000000000
2016,DUTCHESS,678.0000000000,293029.0000000000,0.0023137642,20.2000000000,15.5000000000,3.6000000000,13.2000000000,6.3000000000,2.0000000000,27.4000000000,3.5000000000,7.7000000000,9.9000000000,8.5000000000,35101.0000000000,9.2000000000,7.4000000000,7.6000000000,6.6000000000
2016,ERIE,2164.0000000000,918678.0000000000,0.0023555587,20.7000000000,16.5000000000,1.1000000000,13.1000000000,3.0000000000,1.6000000000,23.7000000000,1.3000000000,7.9000000000,9.2000000000,13.4000000000,29940.0000000000,14.7000000000,9.6000000000,6.1000000000,4.8000000000
2016,ESSEX,40.0000000000,37671.0000000000,0.0010618247,17.2000000000,21.1000000000,2.2000000000,16.8000000000,7.2000000000,0.6000000000,8.0000000000,6.7000000000,2.9000000000,10.4000000000,8.2000000000,28155.0000000000,10.1000000000,7.4000000000,7.5000000000,6.8000000000
2016,FRANKLIN,108.0000000000,51081.0000000000,0.0021142891,19.8000000000,14.9000000000,1.5000000000,15.0000000000,11.8000000000,0.7000000000,18.0000000000,12.2000000000,3.3000000000,14.6000000000,10.2000000000,23660.0000000000,19.2000000000,11.1000000000,8.5000000000,8.7000000000
2016,FULTON,113.0000000000,53610.0000000000,0.0021078157,20.7000000000,17.9000000000,1.0000000000,16.8000000000,2.2000000000,0.4000000000,6.7000000000,9.9000000000,2.9000000000,13.3000000000,10.1000000000,25092.0000000000,16.7000000000,10.4000000000,8.0000000000,8.6000000000
2016,GENESEE,273.0000000000,58013.0000000000,0.0047058418,20.9000000000,17.4000000000,0.8000000000,13.6000000000,1.4000000000,0.5000000000,9.1000000000,6.5000000000,4.3000000000,9.1000000000,7.1000000000,26381.0000000000,12.5000000000,7.9000000000,5.4000000000,6.2000000000
2016,GREENE,84.0000000000,47494.0000000000,0.0017686445,17.4000000000,19.7000000000,1.4000000000,15.0000000000,6.9000000000,0.8000000000,14.1000000000,8.2000000000,3.2000000000,14.1000000000,6.9000000000,26307.0000000000,13.0000000000,5.4000000000,7.8000000000,6.7000000000
2016,HAMILTON,8.0000000000,4556.0000000000,0.0017559263,15.8000000000,26.7000000000,1.8000000000,20.2000000000,2.5000000000,0.9000000000,4.6000000000,9.5000000000,0.3000000000,13.7000000000,4.9000000000,27371.0000000000,11.3000000000,3.9000000000,9.2000000000,9.6000000000
2016,HERKIMER,343.0000000000,62436.0000000000,0.0054936255,21.2000000000,18.8000000000,1.5000000000,14.5000000000,2.0000000000,0.6000000000,5.0000000000,9.7000000000,4.1000000000,9.8000000000,10.0000000000,24678.0000000000,14.0000000000,8.5000000000,8.8000000000,7.7000000000
2016,JEFFERSON,292.0000000000,112980.0000000000,0.0025845282,24.8000000000,12.2000000000,2.2000000000,13.5000000000,5.4000000000,0.6000000000,17.5000000000,12.8000000000,5.9000000000,9.8000000000,8.3000000000,24172.0000000000,14.6000000000,10.4000000000,9.4000000000,7.8000000000
2016,KINGS,4338.0000000000,2608423.0000000000,0.0016630738,23.3000000000,12.2000000000,10.7000000000,10.1000000000,1.5000000000,12.5000000000,64.2000000000,0.1000000000,40.0000000000,20.0000000000,55.9000000000,28134.0000000000,22.7000000000,10.6000000000,9.0000000000,10.7000000000
2016,LEWIS,121.0000000000,26647.0000000000,0.0045408489,23.4000000000,16.6000000000,1.4000000000,14.1000000000,1.3000000000,0.5000000000,4.1000000000,12.0000000000,2.0000000000,10.9000000000,6.0000000000,25230.0000000000,14.0000000000,7.8000000000,7.9000000000,9.0000000000
2016,LIVINGSTON,106.0000000000,64000.0000000000,0.0016562500,18.7000000000,15.8000000000,1.7000000000,12.7000000000,9.7000000000,0.5000000000,8.9000000000,10.4000000000,3.5000000000,11.0000000000,7.4000000000,24596.0000000000,14.9000000000,8.9000000000,5.1000000000,5.2000000000
2016,MADISON,198.0000000000,71387.0000000000,0.0027736142,20.3000000000,15.9000000000,1.3000000000,11.5000000000,7.2000000000,0.2000000000,6.5000000000,9.3000000000,3.5000000000,9.6000000000,6.4000000000,26824.0000000000,11.9000000000,7.3000000000,4.9000000000,5.3000000000
2016,MONROE,2643.0000000000,743770.0000000000,0.0035535179,21.5000000000,15.5000000000,1.0000000000,13.0000000000,3.5000000000,2.3000000000,28.7000000000,0.8000000000,9.9000000000,9.6000000000,11.7000000000,30194.0000000000,14.9000000000,10.2000000000,7.3000000000,5.2000000000
2016,MONTGOMERY,185.0000000000,49169.0000000000,0.0037625333,22.8000000000,17.7000000000,1.8000000000,15.2000000000,2.0000000000,1.8000000000,16.7000000000,7.4000000000,3.3000000000,15.5000000000,13.1000000000,23885.0000000000,20.6000000000,12.6000000000,8.4000000000,8.8000000000
2016,NASSAU,2888.0000000000,1355952.0000000000,0.0021298689,22.1000000000,16.4000000000,2.5000000000,8.4000000000,1.5000000000,5.6000000000,37.8000000000,0.2000000000,10.5000000000,9.1000000000,7.6000000000,44548.0000000000,6.0000000000,6.0000000000,5.8000000000,6.6000000000
2016,NEW YORK,2682.0000000000,1635443.0000000000,0.0016399226,14.6000000000,14.4000000000,5.5000000000,9.9000000000,3.7000000000,9.3000000000,52.9000000000,0.1000000000,89.6000000000,13.0000000000,77.3000000000,66522.0000000000,17.6000000000,5.9000000000,6.9000000000,7.6000000000
2016,NIAGARA,236.0000000000,211554.0000000000,0.0011155544,20.5000000000,17.3000000000,0.9000000000,13.2000000000,1.9000000000,0.5000000000,13.7000000000,3.7000000000,6.2000000000,9.1000000000,9.9000000000,27487.0000000000,13.6000000000,9.8000000000,7.1000000000,5.4000000000
2016,ONEIDA,1676.0000000000,230375.0000000000,0.0072750950,21.3000000000,17.4000000000,1.5000000000,15.1000000000,5.4000000000,2.7000000000,17.0000000000,6.3000000000,6.5000000000,11.9000000000,11.8000000000,26577.0000000000,16.7000000000,10.5000000000,6.9000000000,5.6000000000
2016,ONONDAGA,1449.0000000000,464109.0000000000,0.0031221114,21.9000000000,15.3000000000,1.4000000000,12.4000000000,4.0000000000,1.6000000000,22.4000000000,1.0000000000,11.8000000000,9.5000000000,12.6000000000,30225.0000000000,15.2000000000,9.9000000000,6.8000000000,5.8000000000
2016,ONTARIO,385.0000000000,109229.0000000000,0.0035247050,21.0000000000,17.8000000000,1.1000000000,11.9000000000,3.4000000000,0.9000000000,9.4000000000,7.7000000000,6.5000000000,7.4000000000,7.5000000000,31524.0000000000,10.3000000000,8.9000000000,5.5000000000,5.8000000000
2016,ORANGE,889.0000000000,377799.0000000000,0.0023531031,26.0000000000,12.5000000000,3.6000000000,12.1000000000,3.0000000000,4.4000000000,34.0000000000,2.4000000000,8.9000000000,10.6000000000,10.3000000000,31272.0000000000,12.6000000000,8.0000000000,6.7000000000,6.8000000000
2016,ORLEANS,80.0000000000,41247.0000000000,0.0019395350,20.2000000000,16.2000000000,2.0000000000,17.1000000000,7.5000000000,0.4000000000,13.3000000000,10.3000000000,2.6000000000,13.7000000000,7.8000000000,23332.0000000000,15.6000000000,9.1000000000,7.4000000000,7.7000000000
2016,OSWEGO,529.0000000000,118895.0000000000,0.0044493040,21.7000000000,14.3000000000,2.1000000000,14.7000000000,4.0000000000,0.3000000000,5.5000000000,15.9000000000,3.6000000000,13.5000000000,8.7000000000,24284.0000000000,18.3000000000,11.2000000000,9.1000000000,7.1000000000
2016,OTSEGO,100.0000000000,60132.0000000000,0.0016630080,16.8000000000,18.5000000000,2.7000000000,13.1000000000,9.3000000000,0.5000000000,8.2000000000,13.2000000000,2.6000000000,9.5000000000,7.7000000000,24989.0000000000,16.3000000000,7.3000000000,6.9000000000,7.2000000000
2016,PUTNAM,236.0000000000,98761.0000000000,0.0023896072,21.4000000000,14.9000000000,1.9000000000,10.5000000000,2.7000000000,2.9000000000,19.2000000000,0.6000000000,3.8000000000,7.3000000000,5.2000000000,41993.0000000000,5.2000000000,5.1000000000,6.2000000000,6.5000000000
2016,QUEENS,4973.0000000000,2306830.0000000000,0.0021557722,20.5000000000,13.7000000000,9.4000000000,9.6000000000,1.2000000000,15.1000000000,74.4000000000,0.2000000000,34.7000000000,19.3000000000,37.5000000000,27631.0000000000,14.6000000000,8.4000000000,7.8000000000,13.9000000000
2016,RENSSELAER,284.0000000000,159294.0000000000,0.0017828669,20.3000000000,15.1000000000,1.3000000000,13.0000000000,3.7000000000,0.8000000000,15.7000000000,2.9000000000,9.1000000000,8.7000000000,9.7000000000,31529.0000000000,12.4000000000,9.1000000000,6.8000000000,5.3000000000
2016,RICHMOND,728.0000000000,474040.0000000000,0.0015357354,22.4000000000,14.5000000000,3.8000000000,10.0000000000,1.4000000000,4.6000000000,37.4000000000,0.3000000000,11.2000000000,11.1000000000,17.4000000000,32678.0000000000,12.9000000000,8.4000000000,6.2000000000,6.6000000000
2016,ROCKLAND,378.0000000000,323258.0000000000,0.0011693446,27.7000000000,14.9000000000,6.4000000000,9.4000000000,2.2000000000,8.2000000000,36.4000000000,1.2000000000,11.7000000000,12.7000000000,10.6000000000,35557.0000000000,14.5000000000,7.0000000000,7.0000000000,7.9000000000
2016,SARATOGA,717.0000000000,227122.0000000000,0.0031568937,21.2000000000,15.8000000000,0.7000000000,11.3000000000,1.9000000000,0.7000000000,8.7000000000,7.9000000000,7.2000000000,6.0000000000,4.2000000000,37583.0000000000,6.4000000000,7.2000000000,5.4000000000,4.4000000000
2016,SCHENECTADY,748.0000000000,154475.0000000000,0.0048422075,21.9000000000,15.7000000000,1.1000000000,13.5000000000,2.9000000000,1.5000000000,25.7000000000,0.5000000000,9.3000000000,9.8000000000,11.6000000000,29212.0000000000,12.0000000000,7.8000000000,7.4000000000,5.9000000000
2016,SCHOHARIE,47.0000000000,31304.0000000000,0.0015014056,18.8000000000,18.4000000000,1.4000000000,15.6000000000,4.5000000000,0.3000000000,6.5000000000,12.3000000000,3.6000000000,11.5000000000,8.0000000000,25638.0000000000,14.1000000000,9.0000000000,10.1000000000,6.0000000000
2016,SCHUYLER,41.0000000000,17967.0000000000,0.0022819614,19.8000000000,19.4000000000,1.9000000000,15.7000000000,1.8000000000,0.1000000000,4.7000000000,20.7000000000,2.6000000000,10.0000000000,6.1000000000,25004.0000000000,14.6000000000,6.6000000000,7.3000000000,8.5000000000
2016,SENECA,40.0000000000,34710.0000000000,0.0011524056,20.2000000000,17.2000000000,1.2000000000,15.9000000000,9.0000000000,0.5000000000,10.6000000000,14.0000000000,2.3000000000,14.5000000000,7.2000000000,25680.0000000000,12.4000000000,8.2000000000,5.3000000000,9.7000000000
2016,STEUBEN,127.0000000000,96958.0000000000,0.0013098455,22.3000000000,17.5000000000,1.5000000000,15.6000000000,1.8000000000,0.6000000000,6.1000000000,14.9000000000,3.5000000000,10.4000000000,9.3000000000,26830.0000000000,15.1000000000,9.5000000000,7.6000000000,8.0000000000
2016,SUFFOLK,3079.0000000000,1486406.0000000000,0.0020714394,22.3000000000,15.2000000000,2.6000000000,9.5000000000,2.1000000000,4.5000000000,30.8000000000,0.9000000000,5.6000000000,10.0000000000,5.3000000000,38779.0000000000,7.3000000000,6.6000000000,6.1000000000,7.6000000000
2016,SULLIVAN,472.0000000000,74922.0000000000,0.0062998852,21.6000000000,16.7000000000,1.9000000000,15.4000000000,5.5000000000,2.9000000000,27.0000000000,9.7000000000,2.9000000000,13.8000000000,10.1000000000,27068.0000000000,17.1000000000,10.2000000000,10.1000000000,9.5000000000
2016,TIOGA,119.0000000000,48824.0000000000,0.0024373259,22.0000000000,17.9000000000,1.0000000000,14.0000000000,1.1000000000,0.3000000000,4.5000000000,16.2000000000,2.6000000000,9.8000000000,6.2000000000,29654.0000000000,11.0000000000,7.7000000000,6.7000000000,6.2000000000
2016,TOMPKINS,419.0000000000,102942.0000000000,0.0040702532,15.3000000000,12.2000000000,1.7000000000,9.2000000000,13.2000000000,0.9000000000,22.2000000000,8.6000000000,12.3000000000,5.5000000000,14.7000000000,28888.0000000000,20.1000000000,7.5000000000,5.4000000000,5.3000000000
2016,ULSTER,313.0000000000,179042.0000000000,0.0017481932,18.6000000000,17.4000000000,1.9000000000,13.7000000000,6.5000000000,1.5000000000,19.8000000000,6.4000000000,5.2000000000,9.9000000000,7.7000000000,31760.0000000000,13.0000000000,7.4000000000,8.5000000000,8.4000000000
2016,WARREN,67.0000000000,64438.0000000000,0.0010397591,19.0000000000,19.8000000000,1.5000000000,14.6000000000,1.3000000000,0.6000000000,5.6000000000,5.0000000000,5.0000000000,8.8000000000,8.9000000000,31652.0000000000,11.1000000000,8.5000000000,6.0000000000,6.8000000000
2016,WASHINGTON,121.0000000000,61795.0000000000,0.0019580872,19.7000000000,17.2000000000,1.6000000000,13.8000000000,5.2000000000,0.6000000000,7.3000000000,6.6000000000,2.0000000000,11.5000000000,6.3000000000,25200.0000000000,12.9000000000,8.9000000000,8.1000000000,8.1000000000
2016,WAYNE,375.0000000000,90758.0000000000,0.0041318672,22.2000000000,16.5000000000,1.5000000000,14.7000000000,2.0000000000,0.7000000000,9.6000000000,8.9000000000,3.4000000000,10.0000000000,6.8000000000,26209.0000000000,11.9000000000,9.4000000000,7.0000000000,7.0000000000
2016,WESTCHESTER,3610.0000000000,970267.0000000000,0.0037206254,22.9000000000,15.6000000000,4.3000000000,9.1000000000,2.7000000000,6.5000000000,45.1000000000,0.2000000000,27.7000000000,12.4000000000,14.5000000000,49938.0000000000,9.8000000000,8.3000000000,7.1000000000,8.9000000000
2016,WYOMING,54.0000000000,40432.0000000000,0.0013355758,19.7000000000,15.5000000000,1.1000000000,13.1000000000,8.9000000000,0.6000000000,10.1000000000,7.2000000000,2.2000000000,11.9000000000,6.3000000000,24610.0000000000,11.5000000000,8.7000000000,7.1000000000,5.9000000000
2016,YATES,67.0000000000,25059.0000000000,0.0026736901,22.9000000000,18.2000000000,2.5000000000,13.0000000000,5.2000000000,1.3000000000,4.7000000000,10.0000000000,2.8000000000,14.8000000000,13.6000000000,26001.0000000000,13.9000000000,8.2000000000,7.2000000000,21.1000000000
2018,ALBANY,1708.0000000000,306585.0000000000,0.0055710488,18.7000000000,16.1000000000,1.0000000000,11.2000000000,5.7000000000,1.9000000000,27.4000000000,1.4000000000,11.8000000000,7.3000000000,13.7000000000,36454.0000000000,12.0000000000,8.1000000000,4.8000000000,4.0000000000
2018,ALLEGANY,205.0000000000,46332.0000000000,0.0044245878,20.4000000000,18.0000000000,1.3000000000,16.0000000000,10.5000000000,0.5000000000,5.6000000000,16.4000000000,2.2000000000,10.0000000000,9.1000000000,23030.0000000000,17.0000000000,8.9000000000,6.1000000000,6.9000000000
2018,BRONX,11749.0000000000,1432087.0000000000,0.0082041105,25.1000000000,12.1000000000,12.3000000000,14.8000000000,2.9000000000,15.8000000000,90.7000000000,0.1000000000,68.1000000000,28.0000000000,58.5000000000,20850.0000000000,29.1000000000,19.1000000000,10.5000000000,9.7000000000
2018,BROOME,2214.0000000000,191925.0000000000,0.0115357562,19.5000000000,18.3000000000,1.5000000000,15.6000000000,5.3000000000,1.4000000000,16.2000000000,4.5000000000,8.1000000000,9.5000000000,12.1000000000,27744.0000000000,17.0000000000,8.4000000000,6.6000000000,4.2000000000
2018,CATTARAUGUS,492.0000000000,76726.0000000000,0.0064124286,22.4000000000,18.2000000000,1.9000000000,15.8000000000,3.4000000000,0.8000000000,9.3000000000,13.5000000000,3.7000000000,11.5000000000,11.3000000000,24628.0000000000,16.5000000000,9.3000000000,6.3000000000,7.0000000000
2018,CAYUGA,1167.0000000000,77121.0000000000,0.0151320652,20.1000000000,17.8000000000,1.0000000000,14.8000000000,5.6000000000,0.5000000000,9.7000000000,10.4000000000,6.3000000000,12.3000000000,10.6000000000,29022.0000000000,11.7000000000,10.9000000000,5.4000000000,5.4000000000
2018,CHAUTAUQUA,1418.0000000000,127472.0000000000,0.0111240115,20.6000000000,19.0000000000,1.5000000000,15.5000000000,4.6000000000,1.4000000000,12.4000000000,6.7000000000,4.7000000000,11.1000000000,11.3000000000,24825.0000000000,18.7000000000,9.4000000000,6.9000000000,5.5000000000
2018,CHEMUNG,485.0000000000,83935.0000000000,0.0057782808,21.8000000000,17.9000000000,0.8000000000,15.4000000000,5.5000000000,0.3000000000,13.6000000000,5.4000000000,5.6000000000,9.7000000000,11.2000000000,28115.0000000000,14.8000000000,10.6000000000,5.0000000000,4.6000000000
2018,CHENANGO,567.0000000000,47445.0000000000,0.0119506797,21.0000000000,19.7000000000,2.4000000000,19.2000000000,1.4000000000,0.5000000000,5.2000000000,20.8000000000,2.7000000000,11.8000000000,8.0000000000,26717.0000000000,14.3000000000,9.0000000000,5.7000000000,4.7000000000
2018,CLINTON,642.0000000000,80679.0000000000,0.0079574610,18.0000000000,15.9000000000,1.2000000000,15.8000000000,9.5000000000,0.7000000000,10.0000000000,13.4000000000,5.6000000000,12.1000000000,9.3000000000,26772.0000000000,15.3000000000,9.2000000000,4.8000000000,4.4000000000
2018,COLUMBIA,336.0000000000,59785.0000000000,0.0056201388,18.0000000000,22.3000000000,1.4000000000,15.8000000000,4.1000000000,1.4000000000,13.4000000000,7.9000000000,3.7000000000,9.6000000000,7.2000000000,35581.0000000000,11.9000000000,7.7000000000,4.9000000000,4.7000000000
2018,CORTLAND,593.0000000000,47722.0000000000,0.0124261347,19.6000000000,15.7000000000,1.4000000000,13.1000000000,7.4000000000,0.4000000000,7.4000000000,7.3000000000,5.6000000000,9.3000000000,8.3000000000,26979.0000000000,15.5000000000,8.9000000000,4.5000000000,4.3000000000
2018,DELAWARE,313.0000000000,44526.0000000000,0.0070296007,17.3000000000,23.3000000000,2.7000000000,16.3000000000,5.1000000000,1.1000000000,7.8000000000,13.3000000000,2.2000000000,11.8000000000,8.3000000000,26629.0000000000,16.2000000000,8.2000000000,5.1000000000,6.0000000000
2018,DUTCHESS,1593.0000000000,293939.0000000000,0.0054194918,19.4000000000,16.6000000000,3.4000000000,13.1000000000,6.3000000000,2.1000000000,28.1000000000,3.2000000000,8.0000000000,9.5000000000,8.2000000000,38048.0000000000,9.1000000000,6.8000000000,5.9000000000,5.0000000000
2018,ERIE,5173.0000000000,919717.0000000000,0.0056245562,20.5000000000,17.2000000000,1.2000000000,13.2000000000,3.0000000000,1.8000000000,24.2000000000,1.4000000000,8.0000000000,8.6000000000,13.3000000000,32347.0000000000,14.5000000000,9.1000000000,4.8000000000,3.7000000000
2018,ESSEX,168.0000000000,37288.0000000000,0.0045054709,16.8000000000,22.0000000000,1.7000000000,16.8000000000,7.7000000000,0.6000000000,7.9000000000,7.1000000000,2.7000000000,8.9000000000,8.2000000000,30273.0000000000,9.5000000000,8.3000000000,5.8000000000,3.9000000000
2018,FRANKLIN,235.0000000000,50279.0000000000,0.0046739195,19.6000000000,15.9000000000,1.9000000000,15.4000000000,11.5000000000,0.5000000000,18.3000000000,11.3000000000,2.7000000000,13.2000000000,9.6000000000,25491.0000000000,18.2000000000,11.2000000000,7.1000000000,6.5000000000
2018,FULTON,345.0000000000,53633.0000000000,0.0064326068,20.4000000000,18.6000000000,0.9000000000,15.9000000000,2.2000000000,0.5000000000,7.0000000000,10.4000000000,2.7000000000,12.6000000000,9.3000000000,26875.0000000000,15.5000000000,11.2000000000,6.1000000000,6.3000000000
2018,GENESEE,727.0000000000,57487.0000000000,0.0126463374,20.5000000000,18.0000000000,0.7000000000,15.0000000000,1.3000000000,0.5000000000,9.3000000000,6.6000000000,3.8000000000,7.9000000000,8.2000000000,29465.0000000000,11.4000000000,7.8000000000,4.7000000000,4.1000000000
2018,GREENE,236.0000000000,47381.0000000000,0.0049808995,16.9000000000,21.0000000000,1.7000000000,13.9000000000,6.9000000000,0.9000000000,14.7000000000,6.9000000000,3.4000000000,12.8000000000,9.0000000000,27271.0000000000,13.3000000000,4.9000000000,4.6000000000,5.5000000000
2018,HAMILTON,28.0000000000,4432.0000000000,0.0063176895,13.8000000000,28.8000000000,1.7000000000,25.6000000000,2.8000000000,1.7000000000,4.6000000000,10.0000000000,0.3000000000,17.4000000000,4.5000000000,25918.0000000000,6.9000000000,4.5000000000,8.0000000000,6.8000000000
2018,HERKIMER,796.0000000000,61713.0000000000,0.0128984169,20.9000000000,19.6000000000,1.7000000000,15.7000000000,2.0000000000,0.6000000000,5.4000000000,9.5000000000,4.3000000000,10.1000000000,10.0000000000,26151.0000000000,14.6000000000,8.5000000000,7.2000000000,5.9000000000
2018,JEFFERSON,1302.0000000000,111866.0000000000,0.0116389251,24.3000000000,12.8000000000,1.7000000000,14.2000000000,5.6000000000,0.6000000000,18.2000000000,12.4000000000,5.9000000000,8.9000000000,8.9000000000,25884.0000000000,14.2000000000,10.1000000000,6.5000000000,6.0000000000
2018,KINGS,11600.0000000000,2578074.0000000000,0.0044994829,23.1000000000,13.2000000000,10.3000000000,10.2000000000,1.6000000000,12.0000000000,63.8000000000,0.1000000000,40.9000000000,18.4000000000,55.8000000000,31984.0000000000,21.1000000000,9.6000000000,7.0000000000,8.2000000000
2018,LEWIS,390.0000000000,26486.0000000000,0.0147247603,23.2000000000,17.3000000000,1.3000000000,14.5000000000,1.4000000000,0.5000000000,4.2000000000,12.8000000000,1.4000000000,10.2000000000,5.2000000000,26169.0000000000,14.1000000000,8.1000000000,6.9000000000,6.6000000000
2018,LIVINGSTON,693.0000000000,63213.0000000000,0.0109629348,18.1000000000,16.8000000000,1.5000000000,13.0000000000,10.0000000000,0.5000000000,9.1000000000,10.6000000000,4.0000000000,10.3000000000,7.8000000000,27073.0000000000,13.6000000000,8.3000000000,4.2000000000,3.3000000000
2018,MADISON,645.0000000000,71117.0000000000,0.0090695614,19.5000000000,17.0000000000,1.1000000000,12.7000000000,7.2000000000,0.3000000000,6.7000000000,9.6000000000,3.5000000000,8.8000000000,5.6000000000,28925.0000000000,9.9000000000,7.3000000000,4.7000000000,4.8000000000
2018,MONROE,7388.0000000000,742864.0000000000,0.0099452928,21.1000000000,16.3000000000,1.2000000000,13.6000000000,3.6000000000,2.5000000000,29.2000000000,0.8000000000,10.0000000000,9.7000000000,11.3000000000,32502.0000000000,14.7000000000,10.1000000000,5.9000000000,3.8000000000
2018,MONTGOMERY,464.0000000000,49394.0000000000,0.0093938535,22.8000000000,18.1000000000,1.9000000000,16.4000000000,2.1000000000,1.8000000000,18.1000000000,6.8000000000,3.8000000000,14.2000000000,13.6000000000,25427.0000000000,19.9000000000,11.1000000000,7.7000000000,6.6000000000
2018,NASSAU,7886.0000000000,1357534.0000000000,0.0058090626,21.8000000000,17.1000000000,2.6000000000,8.3000000000,1.5000000000,5.4000000000,39.2000000000,0.2000000000,10.6000000000,8.8000000000,7.0000000000,49211.0000000000,5.7000000000,5.6000000000,4.3000000000,4.8000000000
2018,NEW YORK,6250.0000000000,1629055.0000000000,0.0038365801,14.4000000000,15.8000000000,5.8000000000,10.3000000000,3.7000000000,9.3000000000,53.1000000000,0.1000000000,89.4000000000,13.0000000000,77.0000000000,72832.0000000000,16.6000000000,5.5000000000,5.7000000000,5.8000000000
2018,NIAGARA,870.0000000000,210060.0000000000,0.0041416738,20.2000000000,18.1000000000,1.1000000000,13.9000000000,1.9000000000,0.7000000000,14.3000000000,3.4000000000,6.2000000000,8.8000000000,9.5000000000,29824.0000000000,13.4000000000,9.1000000000,5.3000000000,3.6000000000
2018,ONEIDA,3745.0000000000,229474.0000000000,0.0163199317,21.3000000000,18.0000000000,1.7000000000,14.7000000000,5.4000000000,2.6000000000,17.6000000000,6.0000000000,6.8000000000,11.4000000000,11.2000000000,28548.0000000000,16.1000000000,10.4000000000,5.5000000000,4.2000000000
2018,ONONDAGA,3298.0000000000,461649.0000000000,0.0071439557,21.6000000000,16.2000000000,1.5000000000,12.6000000000,4.2000000000,1.8000000000,22.9000000000,1.0000000000,12.5000000000,9.3000000000,12.1000000000,32678.0000000000,14.6000000000,10.1000000000,6.0000000000,4.1000000000
2018,ONTARIO,1376.0000000000,109738.0000000000,0.0125389564,20.6000000000,18.8000000000,1.0000000000,12.5000000000,3.4000000000,1.0000000000,10.0000000000,7.3000000000,7.3000000000,6.6000000000,7.3000000000,35121.0000000000,9.6000000000,8.0000000000,4.1000000000,4.0000000000
2018,ORANGE,2418.0000000000,382126.0000000000,0.0063277558,25.7000000000,13.3000000000,3.7000000000,11.9000000000,2.9000000000,4.3000000000,35.1000000000,2.4000000000,8.7000000000,10.3000000000,9.5000000000,33472.0000000000,11.8000000000,7.7000000000,4.9000000000,5.2000000000
2018,ORLEANS,400.0000000000,40655.0000000000,0.0098388882,19.8000000000,16.9000000000,2.2000000000,16.8000000000,7.4000000000,1.0000000000,13.5000000000,10.4000000000,2.8000000000,12.9000000000,8.0000000000,25261.0000000000,14.3000000000,10.4000000000,5.2000000000,5.5000000000
2018,OSWEGO,1333.0000000000,117515.0000000000,0.0113432328,21.4000000000,15.3000000000,2.4000000000,15.3000000000,4.1000000000,0.3000000000,5.8000000000,15.2000000000,3.8000000000,12.2000000000,8.4000000000,27217.0000000000,17.9000000000,11.5000000000,7.9000000000,5.0000000000
2018,OTSEGO,408.0000000000,59810.0000000000,0.0068216017,16.4000000000,20.0000000000,1.7000000000,13.9000000000,9.3000000000,0.6000000000,8.7000000000,11.9000000000,2.2000000000,8.8000000000,8.8000000000,27680.0000000000,15.4000000000,6.8000000000,6.4000000000,5.7000000000
2018,PUTNAM,660.0000000000,98814.0000000000,0.0066792155,20.5000000000,16.2000000000,1.2000000000,10.2000000000,2.6000000000,2.7000000000,20.5000000000,0.9000000000,3.6000000000,7.0000000000,4.8000000000,45905.0000000000,5.3000000000,4.6000000000,5.3000000000,4.6000000000
2018,QUEENS,13511.0000000000,2274605.0000000000,0.0059399324,20.3000000000,14.8000000000,9.5000000000,9.5000000000,1.2000000000,15.0000000000,74.7000000000,0.1000000000,35.3000000000,18.5000000000,36.8000000000,30289.0000000000,13.0000000000,7.8000000000,6.2000000000,10.5000000000
2018,RENSSELAER,781.0000000000,159283.0000000000,0.0049032226,19.9000000000,16.0000000000,1.6000000000,13.6000000000,3.7000000000,0.8000000000,16.4000000000,2.7000000000,9.2000000000,8.4000000000,9.8000000000,34280.0000000000,12.0000000000,9.4000000000,5.1000000000,4.3000000000
2018,RICHMOND,2258.0000000000,476260.0000000000,0.0047411078,22.0000000000,15.5000000000,4.3000000000,10.0000000000,1.4000000000,4.8000000000,38.3000000000,0.3000000000,11.4000000000,11.5000000000,16.6000000000,34987.0000000000,12.8000000000,7.8000000000,4.9000000000,4.9000000000
2018,ROCKLAND,1414.0000000000,325522.0000000000,0.0043437924,27.8000000000,15.3000000000,6.6000000000,9.3000000000,2.1000000000,8.3000000000,36.7000000000,1.1000000000,11.7000000000,12.1000000000,10.6000000000,38076.0000000000,14.3000000000,6.3000000000,5.5000000000,6.1000000000
2018,SARATOGA,2163.0000000000,230170.0000000000,0.0093974019,20.7000000000,17.0000000000,0.9000000000,11.2000000000,1.8000000000,0.5000000000,9.4000000000,7.7000000000,8.2000000000,5.9000000000,4.3000000000,41709.0000000000,6.2000000000,6.5000000000,3.8000000000,3.5000000000
2018,SCHENECTADY,1965.0000000000,155079.0000000000,0.0126709613,21.6000000000,16.5000000000,1.1000000000,12.9000000000,3.0000000000,1.4000000000,26.6000000000,0.8000000000,10.2000000000,9.7000000000,11.4000000000,31412.0000000000,11.4000000000,7.6000000000,6.6000000000,4.8000000000
2018,SCHOHARIE,170.0000000000,31146.0000000000,0.0054581648,18.0000000000,20.3000000000,1.0000000000,16.1000000000,4.6000000000,0.4000000000,6.6000000000,12.6000000000,3.5000000000,10.4000000000,6.4000000000,28712.0000000000,13.2000000000,9.4000000000,5.8000000000,4.2000000000
2018,SCHUYLER,51.0000000000,17884.0000000000,0.0028517110,19.5000000000,20.0000000000,2.2000000000,16.9000000000,1.4000000000,0.3000000000,4.8000000000,17.9000000000,2.5000000000,10.7000000000,6.2000000000,26484.0000000000,13.9000000000,7.8000000000,5.5000000000,5.6000000000
2018,SENECA,303.0000000000,34179.0000000000,0.0088650926,20.0000000000,18.3000000000,0.9000000000,17.0000000000,9.1000000000,0.7000000000,10.8000000000,13.5000000000,2.2000000000,14.6000000000,8.1000000000,27366.0000000000,12.4000000000,8.3000000000,3.5000000000,9.6000000000
2018,STEUBEN,608.0000000000,95860.0000000000,0.0063425829,21.9000000000,18.5000000000,1.0000000000,15.5000000000,1.8000000000,0.6000000000,6.3000000000,15.4000000000,3.6000000000,10.0000000000,9.0000000000,28600.0000000000,14.0000000000,9.2000000000,6.5000000000,5.8000000000
2018,SUFFOLK,7630.0000000000,1480830.0000000000,0.0051525158,21.7000000000,16.1000000000,2.6000000000,9.6000000000,2.0000000000,4.0000000000,31.9000000000,0.9000000000,5.9000000000,9.6000000000,5.3000000000,42204.0000000000,7.1000000000,6.2000000000,4.7000000000,5.4000000000
2018,SULLIVAN,553.0000000000,75399.0000000000,0.0073343148,21.3000000000,18.0000000000,2.5000000000,16.4000000000,5.2000000000,2.2000000000,28.1000000000,9.7000000000,2.8000000000,13.8000000000,10.2000000000,29292.0000000000,14.7000000000,10.1000000000,7.7000000000,6.1000000000
2018,TIOGA,613.0000000000,48441.0000000000,0.0126545695,21.4000000000,19.2000000000,1.3000000000,14.6000000000,1.1000000000,0.3000000000,4.9000000000,15.2000000000,3.1000000000,9.2000000000,5.3000000000,31330.0000000000,10.5000000000,7.9000000000,6.3000000000,4.4000000000
2018,TOMPKINS,1139.0000000000,102419.0000000000,0.0111209834,14.9000000000,13.2000000000,1.5000000000,9.1000000000,13.3000000000,0.9000000000,22.6000000000,7.8000000000,13.4000000000,5.8000000000,14.8000000000,31464.0000000000,19.6000000000,7.2000000000,4.6000000000,3.7000000000
2018,ULSTER,674.0000000000,178418.0000000000,0.0037776458,18.1000000000,18.6000000000,1.8000000000,13.8000000000,6.5000000000,1.6000000000,20.5000000000,6.4000000000,5.6000000000,9.5000000000,7.5000000000,33879.0000000000,13.9000000000,7.9000000000,6.2000000000,5.9000000000
2018,WARREN,227.0000000000,64215.0000000000,0.0035349996,18.5000000000,20.9000000000,1.2000000000,14.9000000000,1.3000000000,0.5000000000,6.0000000000,4.9000000000,4.8000000000,8.3000000000,9.3000000000,33605.0000000000,10.5000000000,7.4000000000,4.4000000000,5.0000000000
2018,WASHINGTON,278.0000000000,61274.0000000000,0.0045369977,19.3000000000,18.3000000000,1.8000000000,14.6000000000,5.2000000000,0.7000000000,7.5000000000,6.6000000000,2.5000000000,12.3000000000,7.3000000000,27156.0000000000,12.0000000000,8.4000000000,5.7000000000,6.4000000000
2018,WAYNE,1413.0000000000,90200.0000000000,0.0156651885,21.7000000000,17.7000000000,1.3000000000,14.8000000000,1.9000000000,0.6000000000,9.9000000000,8.3000000000,3.6000000000,10.6000000000,6.8000000000,29028.0000000000,11.3000000000,8.7000000000,5.9000000000,5.0000000000
2018,WESTCHESTER,8639.0000000000,968213.0000000000,0.0089226234,22.4000000000,16.4000000000,4.1000000000,9.4000000000,2.7000000000,6.3000000000,46.0000000000,0.1000000000,28.2000000000,12.2000000000,14.5000000000,54572.0000000000,9.2000000000,7.6000000000,5.8000000000,6.8000000000
2018,WYOMING,284.0000000000,40023.0000000000,0.0070959198,19.9000000000,16.6000000000,1.0000000000,13.9000000000,7.3000000000,0.6000000000,10.1000000000,7.6000000000,2.3000000000,10.4000000000,6.7000000000,27150.0000000000,10.9000000000,8.7000000000,5.9000000000,4.2000000000
2018,YATES,217.0000000000,24951.0000000000,0.0086970462,22.6000000000,19.5000000000,2.1000000000,12.5000000000,5.0000000000,0.7000000000,5.3000000000,10.3000000000,2.5000000000,13.8000000000,12.8000000000,27512.0000000000,11.4000000000,6.4000000000,4.7000000000,18.8000000000
